{
  "root_keys": [
    "data",
    "test",
    "train",
    "val"
  ],
  "data": {
    "n_formulas": 171,
    "n_reactions": 10073,
    "n_frames_total": 9624594,
    "missing_key_reactions": 0,
    "atom_count_stats": {
      "min": 4.0,
      "p25": 12.0,
      "p50": 14.0,
      "p75": 15.0,
      "p95": 18.0,
      "max": 23.0,
      "mean": 13.556636553161917
    },
    "frame_count_stats": {
      "min": 106.0,
      "p25": 346.0,
      "p50": 562.0,
      "p75": 1338.0,
      "p95": 2818.0,
      "max": 6794.0,
      "mean": 955.4843641417651
    },
    "endpoint_coverage": {
      "reactant": 10073,
      "product": 10073,
      "transition_state": 10073
    },
    "ts_force_norm_stats": {
      "min": 0.0027651537132585623,
      "p25": 0.025845739311388078,
      "p50": 0.03908866226990294,
      "p75": 0.05918990153633953,
      "p95": 0.11637525312958492,
      "max": 10.026037151618553,
      "mean": 0.06666478086298266
    },
    "nts_force_norm_stats": {
      "min": 0.002627123233025785,
      "p25": 0.33026312115677986,
      "p50": 1.1089456723432618,
      "p75": 3.0246322842477253,
      "p95": 6.114290994291975,
      "max": 21.69439680455241,
      "mean": 1.8977893439164735
    },
    "energy_barrier_stats_hartree": {
      "min": 0.7790153282840038,
      "p25": 3.23985655452816,
      "p50": 3.8966217993984174,
      "p75": 4.589823703387083,
      "p95": 5.7612342651947985,
      "max": 22.21389351758262,
      "mean": 3.9565672265179197
    }
  },
  "test": {
    "n_formulas": 8,
    "n_reactions": 287,
    "n_frames_total": 282742,
    "missing_key_reactions": 0,
    "atom_count_stats": {
      "min": 5.0,
      "p25": 11.0,
      "p50": 11.0,
      "p75": 12.0,
      "p95": 12.0,
      "max": 14.0,
      "mean": 11.229965156794425
    },
    "frame_count_stats": {
      "min": 138.0,
      "p25": 362.0,
      "p50": 610.0,
      "p75": 1474.0,
      "p95": 2517.9999999999986,
      "max": 4274.0,
      "mean": 985.1637630662021
    },
    "endpoint_coverage": {
      "reactant": 287,
      "product": 287,
      "transition_state": 287
    },
    "ts_force_norm_stats": {
      "min": 0.007977074493397374,
      "p25": 0.023209582839643337,
      "p50": 0.03601128932175769,
      "p75": 0.05467193702087815,
      "p95": 0.08500063959858807,
      "max": 3.1397622302583317,
      "mean": 0.06156079535569712
    },
    "nts_force_norm_stats": {
      "min": 0.007977074493397374,
      "p25": 0.24358015070070477,
      "p50": 0.6977507357867132,
      "p75": 2.0975755016961353,
      "p95": 5.1429408706052415,
      "max": 15.743200745709407,
      "mean": 1.4509218779996709
    },
    "energy_barrier_stats_hartree": {
      "min": 0.7790153282840038,
      "p25": 3.158280701885815,
      "p50": 3.728990146455544,
      "p75": 4.322147558305915,
      "p95": 5.627803368024432,
      "max": 7.6086854100121855,
      "mean": 3.728696461454387
    }
  },
  "train": {
    "n_formulas": 155,
    "n_reactions": 9561,
    "n_frames_total": 9072666,
    "missing_key_reactions": 0,
    "atom_count_stats": {
      "min": 4.0,
      "p25": 12.0,
      "p50": 14.0,
      "p75": 15.0,
      "p95": 18.0,
      "max": 23.0,
      "mean": 13.630164208764773
    },
    "frame_count_stats": {
      "min": 106.0,
      "p25": 346.0,
      "p50": 554.0,
      "p75": 1314.0,
      "p95": 2810.0,
      "max": 6794.0,
      "mean": 948.9243802949483
    },
    "endpoint_coverage": {
      "reactant": 9561,
      "product": 9561,
      "transition_state": 9561
    },
    "ts_force_norm_stats": {
      "min": 0.0027651537132585623,
      "p25": 0.02597782746681108,
      "p50": 0.03920483388635269,
      "p75": 0.05930494134354194,
      "p95": 0.1171572428306207,
      "max": 10.026037151618553,
      "mean": 0.06697116684130126
    },
    "nts_force_norm_stats": {
      "min": 0.002627123233025785,
      "p25": 0.31839503922934675,
      "p50": 0.9519073077347653,
      "p75": 2.7112035783939223,
      "p95": 5.697281496344032,
      "max": 21.69439680455241,
      "mean": 1.743337521940578
    },
    "energy_barrier_stats_hartree": {
      "min": 0.8232116784347454,
      "p25": 3.2460607825687475,
      "p50": 3.9035128126706695,
      "p75": 4.604778407583581,
      "p95": 5.769427900841038,
      "max": 22.21389351758262,
      "mean": 3.9675424477112435
    }
  },
  "val": {
    "n_formulas": 8,
    "n_reactions": 225,
    "n_frames_total": 269186,
    "missing_key_reactions": 0,
    "atom_count_stats": {
      "min": 6.0,
      "p25": 12.0,
      "p50": 12.0,
      "p75": 16.0,
      "p95": 16.0,
      "max": 17.0,
      "mean": 13.4
    },
    "frame_count_stats": {
      "min": 178.0,
      "p25": 378.0,
      "p50": 714.0,
      "p75": 1770.0,
      "p95": 3411.5999999999985,
      "max": 5546.0,
      "mean": 1196.3822222222223
    },
    "endpoint_coverage": {
      "reactant": 225,
      "product": 225,
      "transition_state": 225
    },
    "ts_force_norm_stats": {
      "min": 0.010088094846119406,
      "p25": 0.02456282403674189,
      "p50": 0.03662925362711512,
      "p75": 0.057352383536219,
      "p95": 0.10896568225688999,
      "max": 1.64074658835621,
      "mean": 0.060155836426924285
    },
    "nts_force_norm_stats": {
      "min": 0.010088094846119406,
      "p25": 0.26444727054013784,
      "p50": 0.6872256134003822,
      "p75": 2.180579043169375,
      "p95": 5.211645445618869,
      "max": 21.478907448410723,
      "mean": 1.5158765018290374
    },
    "energy_barrier_stats_hartree": {
      "min": 0.8802097024254181,
      "p25": 3.114335682377714,
      "p50": 3.856019949716938,
      "p75": 4.4500289827756205,
      "p95": 5.419050257058188,
      "max": 7.493691458575086,
      "mean": 3.780855314268459
    }
  }
}