{
  "root_keys": [
    "data",
    "test",
    "train",
    "val"
  ],
  "data": {
    "n_formulas": 171,
    "n_reactions": 100,
    "n_frames_total": 53088,
    "missing_key_reactions": 0,
    "atom_count_stats": {
      "min": 6.0,
      "p25": 8.0,
      "p50": 8.0,
      "p75": 9.0,
      "p95": 9.0,
      "max": 9.0,
      "mean": 8.17
    },
    "frame_count_stats": {
      "min": 106.0,
      "p25": 242.0,
      "p50": 330.0,
      "p75": 460.0,
      "p95": 1853.1999999999994,
      "max": 4218.0,
      "mean": 530.88
    },
    "endpoint_coverage": {
      "reactant": 100,
      "product": 100,
      "transition_state": 100
    },
    "ts_force_norm_stats": {
      "min": 0.0067591306890611704,
      "p25": 0.016824348604885637,
      "p50": 0.027131687020197123,
      "p75": 0.048133651482495286,
      "p95": 0.07484488750750785,
      "max": 0.11137566563758187,
      "mean": 0.03392473342422395
    },
    "nts_force_norm_stats": {
      "min": 0.0067591306890611704,
      "p25": 0.37684728864586897,
      "p50": 1.43667999932685,
      "p75": 3.535789586405113,
      "p95": 6.503717182928652,
      "max": 21.69439680455241,
      "mean": 2.1790144465807177
    },
    "energy_barrier_stats_hartree": {
      "min": 1.3199093464381804,
      "p25": 2.697864329196136,
      "p50": 3.6404417379844745,
      "p75": 4.388396829279145,
      "p95": 6.010763516200085,
      "max": 7.532426379224489,
      "mean": 3.764109584385478
    }
  },
  "test": {
    "n_formulas": 8,
    "n_reactions": 100,
    "n_frames_total": 96848,
    "missing_key_reactions": 0,
    "atom_count_stats": {
      "min": 5.0,
      "p25": 11.0,
      "p50": 11.0,
      "p75": 11.0,
      "p95": 11.0,
      "max": 11.0,
      "mean": 10.61
    },
    "frame_count_stats": {
      "min": 186.0,
      "p25": 338.0,
      "p50": 582.0,
      "p75": 1586.0,
      "p95": 2346.4,
      "max": 3714.0,
      "mean": 968.48
    },
    "endpoint_coverage": {
      "reactant": 100,
      "product": 100,
      "transition_state": 100
    },
    "ts_force_norm_stats": {
      "min": 0.007977074493397374,
      "p25": 0.020877567362372063,
      "p50": 0.03278583241274387,
      "p75": 0.046980580236536576,
      "p95": 0.07501392902261789,
      "max": 0.08738112089635158,
      "mean": 0.03699592037859192
    },
    "nts_force_norm_stats": {
      "min": 0.007977074493397374,
      "p25": 0.24761841196298937,
      "p50": 0.7056563839721761,
      "p75": 2.082912791903081,
      "p95": 5.083819425863158,
      "max": 15.743200745709407,
      "mean": 1.4474381533945566
    },
    "energy_barrier_stats_hartree": {
      "min": 1.1206492756718944,
      "p25": 2.970403605655065,
      "p50": 3.560814026506705,
      "p75": 4.062499091409791,
      "p95": 4.979151154671854,
      "max": 5.717212818526605,
      "mean": 3.5146845592860245
    }
  },
  "train": {
    "n_formulas": 155,
    "n_reactions": 100,
    "n_frames_total": 50288,
    "missing_key_reactions": 0,
    "atom_count_stats": {
      "min": 6.0,
      "p25": 8.0,
      "p50": 9.0,
      "p75": 9.0,
      "p95": 9.0,
      "max": 9.0,
      "mean": 8.45
    },
    "frame_count_stats": {
      "min": 106.0,
      "p25": 242.0,
      "p50": 334.0,
      "p75": 448.0,
      "p95": 1743.1999999999998,
      "max": 2570.0,
      "mean": 502.88
    },
    "endpoint_coverage": {
      "reactant": 100,
      "product": 100,
      "transition_state": 100
    },
    "ts_force_norm_stats": {
      "min": 0.0067591306890611704,
      "p25": 0.016637362979276038,
      "p50": 0.02367245139675382,
      "p75": 0.04359931698543625,
      "p95": 0.07464961377128213,
      "max": 0.11137566563758187,
      "mean": 0.03201718116729496
    },
    "nts_force_norm_stats": {
      "min": 0.0067591306890611704,
      "p25": 0.3696939617620528,
      "p50": 1.3145346437925578,
      "p75": 3.21514002728978,
      "p95": 6.093936830582533,
      "max": 21.69439680455241,
      "mean": 2.0335351319821915
    },
    "energy_barrier_stats_hartree": {
      "min": 1.3199093464381804,
      "p25": 2.604452798368129,
      "p50": 3.6207344953959364,
      "p75": 4.28046348621092,
      "p95": 5.748643462116797,
      "max": 7.532426379224489,
      "mean": 3.6512542058480357
    }
  },
  "val": {
    "n_formulas": 8,
    "n_reactions": 100,
    "n_frames_total": 83584,
    "missing_key_reactions": 0,
    "atom_count_stats": {
      "min": 7.0,
      "p25": 12.0,
      "p50": 12.0,
      "p75": 12.0,
      "p95": 12.0,
      "max": 12.0,
      "mean": 11.28
    },
    "frame_count_stats": {
      "min": 178.0,
      "p25": 330.0,
      "p50": 458.0,
      "p75": 1116.0,
      "p95": 2660.7999999999997,
      "max": 4218.0,
      "mean": 835.84
    },
    "endpoint_coverage": {
      "reactant": 100,
      "product": 100,
      "transition_state": 100
    },
    "ts_force_norm_stats": {
      "min": 0.010088094846119406,
      "p25": 0.02165610452583737,
      "p50": 0.031536075349467736,
      "p75": 0.05024307598597064,
      "p95": 0.08370114678168444,
      "max": 0.6771877499443665,
      "mean": 0.046628576655069594
    },
    "nts_force_norm_stats": {
      "min": 0.010088094846119406,
      "p25": 0.28830593298420426,
      "p50": 0.7388700732042568,
      "p75": 2.296304021247705,
      "p95": 5.294274724343998,
      "max": 21.478907448410723,
      "mean": 1.5713125303328128
    },
    "energy_barrier_stats_hartree": {
      "min": 2.023115839310776,
      "p25": 3.0269318531263707,
      "p50": 3.597348408316975,
      "p75": 4.3111314761508766,
      "p95": 5.529905175106433,
      "max": 7.493691458575086,
      "mean": 3.742723420892744
    }
  }
}