{
  "1": -16.718845334207572,
  "6": -1035.5043205043985,
  "7": -1489.1129060707701,
  "8": -2046.228125392391
}