{
  "best_val_force_mae_eV_ang": 0.1633205175712021,
  "best_epoch": 29,
  "n_train_frames": 187296,
  "n_val_frames": 59332,
  "seed": 17,
  "batch_size": 32,
  "num_workers": 0,
  "total_wall_s": 24359.090199699975
}