split,n_reactions,n_formulas,n_atoms_median,n_frames_median,endpoint_barrier_median,endpoint_barrier_p95,force_rms_median,force_rms_max_median
test,100,5,11.0,582.0,3.560814026506705,4.979151154671854,0.12832416284079684,0.8167263509656284
train,100,6,9.0,334.0,3.6207344953959364,5.748643462116797,0.27187966910604167,0.970749546287986
val,100,3,12.0,458.0,3.597348408316975,5.529905175106433,0.13049327305481967,0.802298050017838
